<?xml version="1.0"?>
<?xml-stylesheet type="text/xsl" href="kolekcija_knjiga.xsl"?>
<Kolekcija>
   <Knjiga>
      <Naslov>Pjesme</Naslov>
      <ShortNaslov>pjesme.jpg</ShortNaslov>
      <Cijena>16</Cijena>
      <Autor>Dobriša Cesarić</Autor>
      <BrojStranica>166</BrojStranica>
  </Knjiga>
  <Knjiga>
      <Naslov>Mali princ</Naslov>
      <ShortNaslov>mp.jpg</ShortNaslov>
      <Cijena>13</Cijena>
      <Autor>Antoine De Saint-Exupery</Autor>
      <BrojStranica>110</BrojStranica>
      
  </Knjiga>
  <Knjiga>
      <Naslov>Kamikaze</Naslov>
      <ShortNaslov>kamikaze.jpg</ShortNaslov>
      <Cijena>20</Cijena>
      <Autor>Roman Pavić</Autor>
      <BrojStranica>256</BrojStranica>
      
  </Knjiga>
  <Knjiga>
      <Naslov>Smogovci</Naslov>
      <ShortNaslov>smog.jpg</ShortNaslov>
      <Cijena>17</Cijena>
      <Autor>Hrvoje Hitrec</Autor>
      <BrojStranica>214</BrojStranica>
      
  </Knjiga>
  <Knjiga>
      <Naslov>Povjestice</Naslov>
      <ShortNaslov>pov.jpg</ShortNaslov>
      <Cijena>15</Cijena>
      <Autor>August Šenoa</Autor>
      <BrojStranica>184</BrojStranica>
      
  </Knjiga>
  <Knjiga>
      <Naslov>Dekameron</Naslov>
      <ShortNaslov>dek.jpg</ShortNaslov>
      <Cijena>17</Cijena>
      <Autor>Giovanni Boccaccio</Autor>
      <BrojStranica>304</BrojStranica>
      
  </Knjiga>
</Kolekcija>